,Feature,Importance
0,mean arterial pressure,0.031278335
1,heart rate,0.087124236
2,respiratory rate,0.075086154
3,PCO2 (Arterial),0.03453924
4,PO2 (Arterial),0.046937477
5,FiO2,0.059637416
6,arterial pH,0.09382467
7,sodium,0.09965201
8,potassium,0.028345022
9,creatinine,0.19159877
10,hematocrit,0.024076952
11,white blood cell,0.05616615
12,HCO3 (serum),0.08703718
13,anchor_age,0.084696345
