,Feature,Importance
0,mean arterial pressure,0.03661728
1,heart rate,0.055494606
2,respiratory rate,0.061483867
3,PCO2 (Arterial),0.049240526
4,PO2 (Arterial),0.058331463
5,FiO2,0.11237816
6,arterial pH,0.103379875
7,sodium,0.09790694
8,potassium,0.037308462
9,creatinine,0.15853259
10,hematocrit,0.03185407
11,white blood cell,0.06184172
12,HCO3 (serum),0.068071194
13,anchor_age,0.06755923
