param_gamma,param_learning_rate,param_max_depth,param_n_estimators,mean_test_accuracy,std_test_accuracy,mean_test_precision,std_test_precision,mean_test_recall,std_test_recall,mean_test_f1,std_test_f1,test_name
0.1,0.01,9.0,100.0,0.8378475716164854,0.004860396540830845,0.8388229545097472,0.003568717731051119,0.9915834306071047,0.002499701062657602,0.9088246411083716,0.0026078417333666817,no missing data
0.1,0.01,9.0,100.0,0.8378475716164854,0.004860396540830845,0.8388229545097472,0.003568717731051119,0.9915834306071047,0.002499701062657602,0.9088246411083716,0.0026078417333666817,no missing data
0.1,0.01,9.0,100.0,0.8378475716164854,0.004860396540830845,0.8388229545097472,0.003568717731051119,0.9915834306071047,0.002499701062657602,0.9088246411083716,0.0026078417333666817,no missing data
0.01,0.01,3.0,500.0,0.8522690210880851,0.0066450304024831775,0.8649929061459339,0.005796956436115247,0.9702181495383282,0.0052373072806803575,0.9145695422435092,0.0037055835764527832,no missing data
0.01,0.01,3.0,500.0,0.8522690210880851,0.0066450304024831775,0.8649929061459339,0.005796956436115247,0.9702181495383282,0.0052373072806803575,0.9145695422435092,0.0037055835764527832,no missing data
0.1,0.01,6.0,500.0,0.8543816938788444,0.010843116397651564,0.8746109816242942,0.0058063273616734985,0.9587831808406783,0.008799645489369472,0.9147528831373016,0.006494103493938106,no missing data
