reference,mean_test_accuracy,std_test_accuracy,mean_test_precision,std_test_precision,mean_test_recall,std_test_recall,mean_test_f1,std_test_f1,mean_test_roc_auc,std_test_roc_auc,gen_lr,disc_lr,dropout,l2_reg,n_critic,batch_size,alpha,beta,noise_level,gen_Layers,disc_layers
raw_2,0.8751484171417981,0.0012145889786744,0.8841156719279685,0.001183869394689,0.981573275862069,0.0026918094820682,0.9302954764675146,0.0007689749713724,0.8454809770470092,0.0090699552213847,0.2,0.01,0.05,0.001,2,32,90,10,20,4,5
raw_5,0.920880473942398,0.0017532865742232,0.927292816174829,0.0013956965180352,0.9907597549592696,0.0016247761035151,0.957974787335934,0.0009323795389278,0.8425605432761577,0.0064017601016888,0.1,0.0001,0.1,0.0001,4,32,40,10,10,2,2
raw_10,0.9183269608168028,0.0011045823464256,0.9253801759809802,0.0008080774389882,0.9901441024728695,0.0012809108699519,0.956666526352598,0.0005965432135465,0.8411343328340013,0.0050576642297945,0.5,0.001,0.05,1e-05,3,128,100,10,10,4,1
